,first,second
0,net net visual-studio-,vb
1,javascript net-,asp
2,asp net net-mvc razor,
3,html jquery net-mvc,asp
4,function include,php
5,codeigniter security,php
6,c# jquery net-mvc net-mvc-,asp
7,asp iis security,net
8,animation swing,java
9,ajax richfaces,jsf
10,d svg,javascript
11,asp c# css html,net
12,asp asp drop-down-menu,net
13,asp c# serialization,net
14,io javascript js,node
15,ado excel,net
16,c# vb wpf,net
17,database indexing sql,mysql
18,linq sorting,c#
19,js svg,javascript
20,c# net-mvc visual-studio-,asp
21,dataset vb,net
22,j java logging,log
23,c# g net,oracle
24,jqgrid jquery-ui,jquery
25,net-mvc nhibernate,asp
26,d ipad iphone,cocos
27,javascript jquery-ajax json,jquery
28,asp entity-framework mvc,net-mvc
29,fancybox html,jquery
30,c# net- vb,net
31,mysqli query,mysql
32,class templates,c++
33,animation cocoa-touch,iphone
34,drop-down-menu net-mvc-,asp
35,jquery json net,asp
36,facebook net-mvc,asp
37,javascript jquery net-mvc-,asp
38,ado sql-server sql-server-,net
39,net net sql-server-,asp
40,asp c# html,net
41,asp c# treeview,net
42,actionscript- audio,flash
43,d-iphone iphone objective-c,cocos d
44,css iis,asp
45,colors swing,java
46,express io node,js
47,net net-mvc net-mvc-,asp c#
48,dom javascript-events jquery,javascript
49,data-binding js,knockout
50,net- windows-server-,net
51,ajax c# jquery net,asp
52,button swing,java
53,dom j,xml
54,ado c# database,net
55,asp asp net- visual-studio-,net
56,c# iis net-mvc,asp
57,javascript sdk,facebook
58,stored-procedures vb,net
59,data-structures net,c#
60,ms-access- net,vb
61,jvm memory,java
62,c# database net-mvc,asp
63,jquery net validation,asp
64,arrays key,php
65,-r windows-,windows-server-
66,net-mvc- visual-studio,asp
67,exe python,py
68,sql sqlalchemy,python
69,ajax json net,asp
70,asp vb visual-studio-,net
71,dom svg,javascript
72,asp asp linq-to-sql,net-mvc
73,ajax javascript post,jquery
74,d ios iphone,cocos
75,jquery net-mvc net-mvc- razor,asp
76,layout swing,java
77,sorting stl,c++
78,schema xsd,xml
79,asp gridview jquery,net
80,binding combobox,wpf
81,design swing,java
82,asp asp c# sql-server,net
83,inheritance templates,c++
84,asp asp validation,net-mvc
85,ms-access- vb,net
86,java notifications,android
87,asp tfs,net
88,asp object,net
89,css javascript net,asp
90,asp curl net,php
91,android-asynctask service,android
92,ggplot,r
93,reflection vb,net
94,drop-down-menu net-mvc,asp
95,asp content-management-system,net
96,asp database sql,net
97,asp c# razor,net-mvc-
98,magento- magento-,magento
99,asp combobox,net
100,java-ee jsp servlets,java
101,asp gzip,net
102,python- unicode,python
103,app-store objective-c,iphone
104,curl http-headers,php
105,google-chrome net,asp
106,collections vb,net
107,weblogic weblogic,x
108,database oracle query,sql
109,asp c# url,net
110,bitmap java,android
111,build ios,xcode
112,c#- net-mvc net-mvc-,asp
113,asp jquery usercontrols,net
114,d-iphone opengl-es,cocos
115,application canvas,facebook
116,rspec ruby ruby-on-rails-,ruby-on-rails
117,asp c# datetime,net
118,net templates,asp
119,ejb- x,jboss
120,net net- net-mvc,asp
121,android-intent android-layout android-widget,android
122,asp file-upload,net
123,ado c# sql-server-,net
124,backbone jquery-mobile,js
125,java-ee jsp,java
126,javascript jquery-ajax net,asp
127,asp mysql net sql,c#
128,dom firefox,javascript
129,-r remote-desktop,windows-server-
130,iis vb,net
131,arrays merge,php
132,css-selectors html,css
133,net polymorphism,c#
134,asp google-maps javascript,net
135,asp hosting,net
136,deployment iis net,asp
137,application asp,net
138,d graphics swing,java
139,c# javascript net-mvc,asp
140,django web-applications,python
141,google-maps-api- map,google-maps
142,asp net net-mvc-,
143,caching ruby-on-rails-,ruby-on-rails
144,nhibernate search,net
145,c# log logging,net
146,schema xml-schema,xml
147,architecture net-mvc-,asp
148,c# net-mvc- validation,asp
149,c# net net-membership,asp
150,android-intent sms,android
151,c# css html net,asp
152,servlets web-applications,java
153,c# linq net-mvc-,asp
154,azure node,js
155,ado mysql,net
156,ipad uitableviewcell,uitableview
157,android-fragments android-listview,android
158,interop vb,net
159,jquery scope,javascript
160,asp http-headers,net
161,datagrid vb,net
162,net net-web-api,asp
163,layout listview,android
164,asp c# configuration,net
165,net usercontrols winforms,c#
166,facebook net-mvc-,asp
167,osx swing,java
168,nhibernate spring,net
169,net request,asp
170,algorithms cc,complexity-theory
171,ejb x,ejb-
172,ajax jquery-ajax json,jquery
173,jaxb xml,java
174,c# dialog,monotouch
175,html net visual-studio-,asp
176,asp windows-,net
177,asp version-control,net
178,css-float internet-explorer,css
179,net net net-mvc net-mvc-,asp
180,iis net visual-studio-,asp
181,cryptography encryption net,c#
182,asp asp jquery-validate,net-mvc
183,mouse winforms,c#
184,c# net smtp,asp
185,header redirect,php
186,net net net-mvc vb,asp
187,html net-mvc- razor,asp
188,net pdf-generation,asp
189,join php sql,mysql
190,asp hyperlink,net
191,d-iphone ipad iphone,cocos
192,jquery net-mvc razor,asp
193,c# javascript jquery net,asp
194,event-handling winforms,c#
195,sqlite sqlite system,data
196,content-management-system net,asp
197,asp c# winforms,net
198,asp url-rewriting,net
199,boost gcc,c++
200,net-mvc web-services,asp
201,query vb,net
202,ado asp sql,net
203,net vba,vb
204,net-mvc web-applications,asp
205,asp transactions,net
206,c# net telerik,asp
207,asp c# lucene,net
208,delete pointers,c++
209,ajax html mysql,php
210,net-mvc- routes,asp
211,asp c#- net-,net
212,sorting vb,net
213,net sql-server- visual-studio-,asp
214,forms-authentication net,asp
215,fancybox javascript,jquery
216,mysql zend-framework,php
217,asp vb webforms,net
218,asp-classic c#,net
219,cookies net-mvc-,asp
220,image swing,java
221,python qt,pyqt
222,authentication iis net,asp
223,c# json net-mvc,asp
224,callback javascript js,node
225,asp sql-server- visual-studio-,net
226,actionscript- flash-builder,flex
227,asp data-binding gridview,net
228,asp asynchronous c#,net
229,asp download,net
230,nginx node,js
231,ajax jquery net-mvc-,asp
232,d d-iphone iphone,cocos
233,cross-browser html internet-explorer,css
234,wcf x,certificate
235,asp caching,net
236,list vb,net
237,controller net-mvc-,asp
238,development net,asp
239,asp gridview vb,net
240,lambda linq,c#
241,vb webbrowser,net
242,asp iis net-,net
243,alignment html,css
244,gridview javascript net,asp
245,d iphone objective-c,cocos
246,jquery-ajax jquery-plugins jquery-ui,jquery
247,model net,asp
248,net- webforms,asp
249,asp c# ef-code-first,net-mvc-
250,arrays nullpointerexception,java
251,jquery jquery-ui net-mvc-,asp
252,uikit uitableview,iphone
253,excel vb,net
254,authentication net-mvc,asp
255,net-mvc- telerik,asp
256,js regex,node
257,datepicker net,asp
258,doctrine forms,symfony
259,-r iis net,windows-server-
260,eclipse refactoring,java
261,asp powershell,net
262,templates types,c++
263,listview xml,android
264,asp database sql-server,net
265,activerecord associations ruby,ruby-on-rails
266,net net visual-studio,asp
267,express io,node
268,c# html jquery,asp
269,gridview net net,asp
270,net- net-mvc-,asp
271,design html,css
272,listview sqlite,android
273,asp e-commerce,net
274,-r networking,windows-server-
275,c# data sqlite,system
276,net-mvc oauth,asp
277,asp c# facebook,net
278,hibernate junit,java
279,phpmyadmin query,mysql
280,c# linq net-mvc,asp
281,django-templates python,django
282,java log logging,j
283,c# iframe,net
284,android-emulator eclipse,android
285,asp asp caching,net
286,asp c# linq-to-sql,net
287,forms-authentication net net-membership,asp
288,httpd php,apache
289,firefox net,asp
290,net-mvc post,asp
291,c# ios,monotouch
292,mono net-mvc,asp
293,c# linq vb,net
294,ef-code-first entity-framework- net-mvc-,asp
295,cakephp- cakephp- php,cakephp
296,asp jquery js,knockout
297,javascript net php,asp
298,c#- iis net,asp
299,android j,twitter
300,asp c# csv,net
301,js websocket,node
302,ajax c# net-mvc,asp
303,binding wpf-controls,wpf
304,sql winforms,c#
305,asp c# error-handling,net
306,android-fragments android-layout,android
307,ado datatable,net
308,logging net-mvc,asp
309,net-mvc- web-config,asp
310,multidimensional-array numpy,python
311,asp rss,net
312,html positioning,css
313,net-mvc routing,asp
314,drag-and-drop winforms,c#
315,jquery json net-mvc-,asp
316,c# gridview net,asp
317,d javascript three,js
318,android-layout java,android
319,net-mvc- unit-testing,asp
320,python tkinter x,python-
321,express node,js
322,c# gridview javascript,net
323,django-admin django-models python,django
324,c# monotouch monotouch,dialog
325,devise ruby ruby-on-rails-,ruby-on-rails
326,validation vb,net
327,database database-design php,mysql
328,asp html visual-studio-,net
329,asp internet-explorer,net
330,asp c# sharepoint,net
331,linq razor,asp
332,event-handling javascript-events,javascript
333,asp javascript php,net
334,ruby-on-rails- ruby-on-rails- ruby-on-rails-,ruby-on-rails
335,asp net net-mvc- net-mvc-,net-mvc
336,java vb,net
337,asp ms-access,net
338,net tinymce,asp
339,database vb,net
340,net routes,asp
341,security ssl-certificate,ssl
342,function net,vb
343,android asp,net
344,css email,html
345,c# drop-down-menu net,asp
346,gui swing,java
347,js sockets,node
348,certificate certificate,x
349,asp ssl,net
350,mysql while-loop,php
351,asp c# oracle,net
352,jquery json net-mvc,asp
353,dom internet-explorer,javascript
354,net net-mvc visual-studio-,asp
355,asp c# list,net
356,asp html javascript,net
357,net net sharepoint,asp
358,d-iphone ios objective-c,cocos
359,database java sqlite,android
360,http servlets,java
361,authorization net-mvc-,asp
362,asp c# httpwebrequest,net
363,forms html mysql,php
364,treeview xaml,wpf
365,net-mvc sql,asp
366,gridview layout,android
367,delphi- winapi,delphi
368,syntax vb,net
369,ajax net net-mvc,asp
370,cursor sqlite,android
371,playframework x,playframework-
372,asp c#,net
373,animation storyboard,wpf
374,foreach multidimensional-array,php
375,asp javascript net-ajax,net
376,printing swing,java
377,file-io vb,net
378,actionscript- datagrid,flex
379,asp generics net,c#
380,net net-membership net-mvc-,asp
381,amazon-s ruby,ruby-on-rails
382,io js,node
383,asp iis web-config,net
384,net-ajax net-mvc-,asp
385,ado asp sql-server,net
386,js module,node
387,javascript three,js
388,net-mvc- web-services,asp
389,calendar net,asp
390,asp c# request,net
391,asp pdf-generation,net
392,js mvvm,knockout
393,linux node,js
394,asp cookies forms-authentication,net
395,backbone ruby-on-rails,js
396,class pointers,c++
397,asp extjs,net
398,html javascript jquery net,asp
399,mysql post,php
400,net net net- net-,asp
401,design net-mvc,asp
402,asp bit,net
403,ajax asp asp c#,net
404,model net-mvc,asp
405,net-mvc routes,asp
406,architecture asp c#,net
407,asp xhtml,net
408,controls vb,net
409,control vb,net
410,html jquery mysql,php
411,net xhtml,asp
412,c# net url,asp
413,c# file-upload net,asp
414,asp asp sql,net
415,javascript net vb,asp
416,jquery net usercontrols,asp
417,asp asp iis,net
418,net-mvc pagination,asp
419,net net session,asp
420,asp net-ajax,net
421,imageview listview,android
422,mysql website,php
423,asp firefox,net
424,activity java,android
425,types vb,net
426,table width,html
427,json net net-mvc,asp
428,ruby ruby-on-rails- rubygems,ruby-on-rails
429,listview xaml,wpf
430,g java jdbc,oracle
431,asp jquery razor,net-mvc-
432,orm symfony,doctrine
433,css javascript-events,javascript
434,asp wpf,net
435,js ssl,node
436,css javascript jquery-ui,jquery
437,hibernate x,jboss
438,asp browser,net
439,d javascript,js
440,subdomain virtualhost,apache
441,net view,asp
442,tsql vb,net
443,net select,vb
444,vb visual-studio visual-studio-,net
445,node websocket,js
446,codeigniter validation,php
447,asp c# regex,net
448,dependency-injection net-mvc-,asp
449,jaxb xml-schema,xml
450,ajax net-mvc net-mvc-,asp
451,asp c# c#- net-,net
452,jquery-ui json,jquery
453,asp report,net
454,net regex string,c#
455,asp c# dataset,net
456,asp asp jquery-ajax,net-mvc-
457,couchdb node,js
458,asp c#- visual-studio-,net
459,net net winforms,vb
460,asp c# windows-services,net
461,net-mvc web-config,asp
462,net-mvc sql-server-,asp
463,net net- net-,asp
464,ajax net-mvc- razor,asp
465,c# json net-mvc-,asp
466,html styles,css
467,map stl,c++
468,mysql upload,php
469,asp c# net- visual-studio-,net
470,net net-mvc routing,asp
471,css html net-mvc,asp
472,garbage-collection jvm,java
473,node redis,js
474,email vb,net
475,net net-membership net-mvc,asp
476,gui xml,android
477,asp asp c# javascript,net
478,spring x,jboss
479,asp tdd,net-mvc
480,backbone javascript,js
481,string x,python-
482,iis net web-config,asp
483,asp c# custom-controls,net
484,cocoa-touch d iphone,cocos
485,entity-framework net net-mvc-,asp
486,android-widget java,android
487,css net net-mvc,asp
488,mongodb node,js
489,android-emulator android-intent,android
490,c# net web-config,asp
491,asp net- vb,net
492,net net security,asp
493,asp c# vb,net
494,compiler-errors templates,c++
495,callback js,node
496,c# javascript net,asp
497,javascript js mongodb,node
498,g g,oracle
499,android-layout xml,android
500,asp loops,net
501,jquery usercontrols,asp
502,internet-explorer javascript-events,javascript
503,activity multithreading,android
504,for-loop mysql,php
505,asp c# linq,net
506,net smtp,asp
507,com vb,net
508,controls net,asp
509,c# net net-mvc net-mvc-,asp
510,cocos iphone xcode,d-iphone
511,jquery-mobile net-mvc-,asp
512,asp c# charts,net
513,js mvc,javascript
514,list listview,android
515,log tomcat,j
516,html internet-explorer- internet-explorer-,css
517,net refactoring,c#
518,asp c# sql sql-server,net
519,asp coding-style,net
520,jquery-plugins plugins,jquery
521,asp c# rest,net
522,content-management-system net-mvc,asp
523,javascript telerik,asp
524,stl string,c++
525,ado tsql,net
526,events net net,asp
527,migration ruby,ruby-on-rails
528,http-status-code- net,asp
529,data-binding vb,net
530,asp collections net,c#
531,activity listview,android
532,active-directory asp c#,net
533,backbone javascript jquery,js
534,d-iphone ios iphone,cocos
535,asp net-mvc net-web-api,
536,heroku js,node
537,curl net,php
538,cocoa-touch d,cocos
539,asp c# excel,net
540,c# net usercontrols,asp
541,net usercontrols,asp
542,frameworks yii,php
543,combobox mvvm,wpf
544,module node,js
545,net-mvc visual-studio,asp
546,dll vb,net
547,uiscrollview uiwebview,ios
548,jquery-mobile net,asp
549,js python,node
550,net radio-button,asp
551,tortoisesvn windows,svn
552,data-binding knockout,js
553,ajax telerik,asp
554,javascript js svg,d
555,asp ef-code-first entity-framework-,net-mvc-
556,net url,asp
557,asp iis,net
558,net themes,asp
559,layout textview,android
560,osx-snow-leopard terminal,osx
561,asp asp c# net-mvc,net
562,data-binding gridview net,asp
563,error-handling net-mvc-,asp
564,c# net net-mvc- razor,asp
565,d js three,javascript
566,parsing vb,net
567,select vb,net
568,c# entity-framework- net-mvc-,asp
569,datepicker jquery-ui,jquery
570,d objective-c xcode,cocos
571,asp website,net
572,arrays foreach,php
573,django-forms django-templates,django
574,asp asp ef-code-first,net-mvc-
575,excel-vba macros vba,excel
576,cocoa-touch osx,cocoa
577,listview view,android
578,custom-controls vb,net
579,validation xsd,xml
580,load net,asp
581,asp asp razor,net-mvc-
582,boost sockets,c++
583,net-mvc- sql,asp
584,database join query,mysql
585,json net-web-api,asp
586,object vb,net
587,function templates,c++
588,devexpress vb,net
589,coffeescript node,js
590,asp google-chrome,net
591,mvc net-mvc,asp net-mvc-
592,loops vb,net
593,asp encoding,net
594,codeigniter url,php
595,pdf winforms,c#
596,gridview net sql,asp
597,asp c# file-upload,net
598,configuration j,log
599,canvas image javascript,html
600,asp json web-services,net
601,boost linker,c++
602,c# vb visual-studio,net
603,html net-mvc razor,asp
604,cocos cocos d-iphone,d
605,ipad sdk,iphone
606,codeigniter frameworks,php
607,django-admin django-templates,django
608,asp date,net
609,asp c# caching,net
610,authentication net-mvc-,asp
611,asp css javascript jquery,net
612,asp c# pdf,net
613,c# entity-framework net net-mvc,asp
614,asp soap web-services,net
615,collections linq,c#
616,asp asp azure,net-mvc
617,internet-explorer net,asp
618,javascript javascript-events net,asp
619,asp web-config,net
620,html three,js
621,arraylist swing,java
622,css iframe javascript,html
623,java java-ee x,jboss
624,android android-emulator android-intent android-widget,android-layout
625,asp namespaces,net
626,controller net-mvc,asp
627,javascript jquery mysql,php
628,ado xml,net
629,netbeans swing,java
630,c# c#- net-mvc,asp
631,asp cookies,net
632,android-emulator android-intent android-layout android-widget,android
633,ajax asp web-services,net
634,lucene nhibernate search,net
635,db query,sql
636,ado ado,net
637,-r exchange-,windows-server-
638,java opengl-es,android
639,net twitter,c#
640,arraylist arrays,java
641,frame r,data
642,net sql tsql,sql-server
643,javascript js websocket,node
644,inheritance vb,net
645,eclipse phonegap,android
646,listview textview,android
647,asp asp c# iis,net
648,php query select,mysql
649,net upload,asp
650,d-iphone iphone,cocos d
651,asp profiling,net
652,io javascript node,js
653,hyperlink net,asp
654,ajax jquery net-mvc,asp
655,net-ajax net-mvc,asp
656,c# jquery-ui net,asp
657,asp sql-server stored-procedures,net
658,lucene net nhibernate,search
659,iis net url-rewriting,asp
660,asp development,net
661,html xslt,xml
662,d objective-c,cocos
663,asp asp asp c# net-,net
664,admin python,django
665,navigation net,asp
666,design-patterns jquery,javascript
667,d ios objective-c,cocos
668,c# net request,asp
669,amazon-ec node,js
670,combobox swing,java
671,net net-mvc net-mvc- razor,asp
672,asp c# datagrid,net
673,orm sqlalchemy,python
674,excel excel- vba,excel-vba
675,javascript jqgrid,jquery
676,-r asp windows-server-,net
677,android-layout textview,android
678,concurrency swing,java
679,iphone unity,d
680,jquery node,js
681,cocos cocos d objective-c,d-iphone
682,javascript jquery net,asp
683,jquery-mobile jquery-ui,jquery
684,net paypal,asp
685,asp sql sql-server-,net
686,ajax javascript net-mvc,asp
687,asp entity-framework entity-framework- net-mvc,net-mvc-
688,iis net php,asp
689,iphone storyboard xcode,ios
690,printing winforms,c#
691,android-layout layout,android
692,actionscript actionscript- flash-cs,flash
693,jquery-plugins jquery-validate,jquery
694,jquery-plugins net-mvc,asp
695,net seo,asp
696,js ubuntu,node
697,javascript knockout,js
698,c# net-mvc unit-testing,asp
699,asp knockout net,js
700,github version-control,git
701,google net,asp
702,boost tcp,c++
703,android-intent java,android
704,express js mongodb,node
705,canvas javascript,html
706,index optimization,mysql
707,arrays codeigniter,php
708,asp c# c#-,net
709,datagrid xaml,wpf
710,multithreading pyqt,python
711,attributes net-mvc,asp
712,c# cookies net,asp
713,asp redirect,net
714,data-structures stl,c++
715,asp authentication iis,net
716,net net validation,asp
717,d three,js
718,browser net,asp
719,-r sql sql-server tsql,sql-server-
720,j xml,java
721,interface vb,net
722,entity-framework razor,asp
723,listview net net,asp
724,c# net net net-mvc,asp
725,architecture asp asp,net
726,asp gridview net-,net
727,jquery jquery-ajax net-mvc-,asp
728,binding mvvm,wpf
729,node ruby-on-rails,js
730,asp iis windows,net
731,asp vb visual-studio,net
732,asp asp linq,net-mvc-
733,entity-framework entity-framework- net-mvc-,asp net-mvc
734,c# net-mvc- sql-server,asp
735,c# data system,sqlite
736,net sharepoint sharepoint,asp
737,css html net,asp
738,g net,asp oracle
739,namespaces vb,net
740,text vb,net
741,javascript net net-mvc-,asp
742,apache asp,net
743,net net net-mvc,asp
744,c# gridview visual-studio-,net
745,c# net validation,asp
746,ajax jquery json net,asp
747,iis net net-mvc-,asp
748,mvvm usercontrols,wpf
749,asp c# redirect,net
750,asp sql-server tsql,sql
751,ado c# sql-server,net
752,c# facebook-graph-api,facebook
753,net net webforms,asp
754,ef-code-first entity-framework net-mvc-,asp
755,api twitter-api,twitter
756,asp asp asp asp,net
757,javascript-events jquery,javascript
758,debugging vb,net
759,asp c# reporting-services,net
760,deployment net-mvc,asp
761,html session,php
762,templates x,c++
763,asp c# sql,net
764,gui wxpython,python
765,asp c# listview,net
766,ado entity-framework entity-framework-,net
767,asynchronous js,node
768,jquery-ajax net-mvc net-mvc-,asp
769,asp iis windows-server-,net
770,hosting net,asp
771,ajax asp vb,net
772,constructor net,c#
773,c# fluent-nhibernate,nhibernate
774,cocos iphone objective-c,d
775,file-upload net-mvc,asp
776,c#- javascript net,asp
777,android-listview java,android
778,c# css net,asp
779,codeigniter oop,php
780,asp iis web-services,net
781,c# controller,asp
782,asp properties,net
783,c# net-mvc net-mvc- razor,asp
784,control winforms,c#
785,html layout,css
786,swing user-interface,java
787,asp c# sql-server-,net
788,java java-ee spring-mvc,spring
789,asp net-mvc vb,net
790,dom iframe,javascript
791,database oracle oracle,g
792,asp asp visual-studio,net
793,javascript net web-services,asp
794,html net net-mvc-,asp
795,login net,asp
796,ado entity-framework- net,entity-framework
797,javascript net visual-studio-,asp
798,winforms xml,c#
799,android-ndk opengl-es,android
800,checkbox listview,android
801,applet swing,java
802,httpd linux,apache
803,facebook net net,asp
804,checkbox winforms,c#
805,ember javascript,js
806,net-mvc web,asp
807,android-emulator android-intent android-layout,android
808,rest ruby,ruby-on-rails
809,lambda linq net,c#
810,c# net-mvc validation,asp
811,asp c# web-config,net
812,complexity-theory reference-request,cc
813,drag-and-drop swing,java
814,applet html,java
815,boost visual-studio-,c++
816,cursor listview,android
817,android-asynctask multithreading,android
818,generics vb,net
819,ajax net-ajax,asp
820,asp net-mvc webforms,net
821,c#- net net-mvc-,asp
822,adobe android,air
823,event-handling swing,java
824,javascript net telerik,asp
825,pdf vb,net
826,gridview net net-,asp
827,c# mvvm xaml,wpf
828,datagridview visual-studio-,c#
829,applet servlets,java
830,c# net net net-mvc-,asp
831,iis net windows-server-,asp
832,html internet-explorer internet-explorer-,css
833,asp linux,net
834,javascript jquery-validate,jquery
835,pdo query,php
836,c# net net-mvc razor,asp
837,asp c# login,net
838,asp c# web-services,net
839,javascript net-mvc- razor,asp
840,-r net windows-server-,asp
841,django regex,python
842,ado transactions,net
843,asp asp-classic,net
844,javascript json node,js
845,ant xml,build
846,boost performance,c++
847,button tkinter,python
848,android-ndk eclipse,android
849,jquery jquery-validate net-mvc-,asp
850,ado net net-mvc,asp
851,asp mobile,net
852,matplotlib plot,python
853,asp g net,oracle
854,multithreading net net,asp
855,entity-framework vb,net
856,asp datagridview,net
857,asp c# class,net
858,datetime vb,net
859,login mysql,php
860,jdbc servlets,java
861,data-binding net net,asp
862,asp localhost,net
863,cocos cocos iphone,d
864,image vb,net
865,cocos cocos d-iphone objective-c,d
866,asp plugins,net
867,asp iis performance,net
868,asp c# visual-studio,net
869,asp net- web-services,net
870,asp listview vb,net
871,jquery-validate validation,jquery
872,annotations java spring-mvc,spring
873,linq-to-sql net net-mvc-,asp
874,ios iphone-sdk- iphone-sdk-,iphone
875,junit mocking,java
876,alignment div,css
877,c# data-binding xaml,wpf
878,boost visual-c++,c++
879,printing vb,net
880,mysql oop,php
881,-r asp iis net,windows-server-
882,asp login,net
883,c# jquery net net-mvc,asp
884,listbox winforms,c#
885,asp entity-framework linq-to-entities,net
886,c cocoa,objective-c
887,tortoisesvn version-control,svn
888,listview net winforms,c#
889,ado net-,net
890,datagridview winforms,c#
891,java jtable,swing
892,asp net-mvc- net-mvc-,net-mvc
893,asp authentication net-membership,net
894,arrays mysql,php
895,magento zend-framework,php
896,net net-mvc- vb,asp
897,asp recursion,net
898,net net net-ajax,asp
899,asp-classic net,asp
900,menu net,asp
901,curl proxy,php
902,net sql-server stored-procedures,asp
903,c# login net,asp
904,dialog ios,c# monotouch
905,django-models sql,django
906,asp user,net
907,android twitter-api,twitter
908,asp spring,net
909,linq-to-sql vb,net
910,-r iis iis,windows-server-
911,asp database-design,net
912,ado vb,net
913,javascript-events jquery jquery-ajax,javascript
914,android-asynctask java,android
915,stl templates,c++
916,node ssl,js
917,fancybox iframe,jquery
918,net net sql,asp
919,asp curl php,net
920,asp google-analytics,net
921,g java,oracle
922,jdbc swing,java
923,asp net- sql-server,net
924,data sqlite sqlite,system
925,http-status-code- net-mvc,asp
926,facebook-connect facebook-graph-api,facebook
927,asp net-membership net-mvc,
928,asp c# exception,net
929,js mysql,node
930,mysqli pdo,php
931,reflection reflection,c#
932,android-intent notifications,android
933,database php query sql,mysql
934,session zend-framework,php
935,asp telerik,net
936,asp gmail,net
937,asp c# exception-handling,net
938,jsp mvc,java
939,e-commerce net,asp
940,c# net routing,asp
941,encryption vb,net
942,javascript js mvc,backbone
943,net pagination,asp
944,delphi-xe,delphi
945,asp request,net
946,regex vb,net
947,html knockout,js
948,asp search,net
949,logging net net,log
950,asp passwords,net
951,asp c# java,net
952,curl xml,php
953,drag-and-drop java,swing
954,javascript mongodb node,js
955,map vector,c++
956,serialization vb,net
957,asp syntax,net
958,cocoa-touch interface-builder objective-c,iphone
959,asp c# generics,net
960,active-directory vb,net
961,bitmap canvas,android
962,d-iphone d-iphone,cocos
963,plot python,matplotlib
964,js session,node
965,applet security,java
966,layout xml,android
967,heroku node,js
968,google-maps javascript net,asp
969,asp c# logging,net
970,jaxb web-services,java
971,ado oracle,net
972,python python- python-,x
973,asp c# telerik,net
974,file-upload net-mvc-,asp
975,d d-iphone iphone objective-c,cocos
976,networking vb,net
977,treeview vb,net
978,annotations spring-mvc,spring
979,asp asp entity-framework entity-framework-,net-mvc
980,arrays asp,net
981,ajax javascript net-mvc-,asp
982,jquery jquery-ajax net-mvc,asp
983,asp c# query,net
984,js knockout net-mvc-,asp
985,exe py,python
986,vb wcf,net
987,entity-framework- net-mvc net-mvc-,asp entity-framework
988,net-mvc tdd,asp
989,node request,js
990,mobile net,asp
991,combobox xaml,wpf
992,asp iis wcf,net
993,c# iis- net,asp
994,net net web-services,asp
995,asp net-mvc- net-web-api,
996,ubuntu virtualhost,apache
997,asp knockout net-mvc-,js
998,callback node,js
999,asp http iis,net
1000,multithreading swing,java
1001,curl net php,asp
1002,ajax asp c# javascript,net
1003,net net-mvc- visual-studio-,asp
1004,ajax jquery net,asp
1005,backbone collections,js
1006,asp web-applications,net
1007,checkbox net-mvc,asp
1008,asp seo,net
1009,ajax asp javascript,net
1010,-r permissions,windows-server-
1011,jquery net vb,asp
1012,multidimensional-array python,numpy
1013,authentication net net,asp
1014,datagridview datatable,c#
1015,c#- net net-mvc,asp
1016,datatable gridview net,asp
1017,c# net web,asp
1018,asp directory,net
1019,iterator stl,c++
1020,activity android-intent,android
1021,ruby ruby-on-rails-,ruby-on-rails
1022,forms-authentication net-mvc-,asp
1023,iterator templates,c++
1024,asp c# web-applications,net
1025,localization net-mvc,asp
1026,gridview net vb,asp
1027,d-iphone iphone xcode,cocos
1028,file vb,net
1029,asp c# jquery,net
1030,netbeans tomcat,java
1031,net-mvc views,asp
1032,events usercontrols,net
1033,jquery-ajax mysql,php
1034,asp asp c# mvc,net-mvc-
1035,height html,css
1036,asp formatting,net
1037,javascript jquery-plugins,jquery
1038,cookies curl,php
1039,asp xml xslt,net
1040,annotations jpa,java
1041,cocos ipad iphone,d
1042,iis net net-mvc,asp
1043,listview onclick,android
1044,net net-,asp
1045,asp c# multithreading,net
1046,cocos ios ipad iphone,d
1047,google-chrome google-chrome-extension html,javascript
1048,asp compression,net
1049,backbone backbone,js
1050,api curl,php
1051,database mysql pdo,php
1052,date vb,net
1053,c# entity-framework- net-mvc,asp
1054,actionscript flash flash-cs,actionscript-
1055,net website,asp
1056,asp c# url-rewriting,net
1057,java mapreduce,hadoop
1058,ajax asp c# jquery,net
1059,d js svg,javascript
1060,qt xml,c++
1061,asp div,net
1062,homework multithreading,java
1063,arraylist hashmap,java
1064,asp c#- razor,net-mvc-
1065,d iphone,cocos
1066,jquery js js,backbone
1067,cakephp- php,cakephp
1068,python x,python-
1069,android-emulator android-layout android-widget,android
1070,asp twitter,net
1071,javascript-events php,javascript
1072,asp asp asp net-,net
1073,c# mvvm,wpf
1074,asp javascript js,knockout
1075,ajax node,js
1076,api graph,facebook
1077,components swing,java
1078,android-widget widget,android
1079,asp gridview visual-studio-,net
1080,c# net-mvc sql-server,asp
1081,architecture net-mvc,asp
1082,postgresql sqlalchemy,python
1083,entity-framework net-mvc net-mvc-,asp
1084,asp calendar,net
1085,ruby ruby-on-rails- ruby-on-rails-,ruby-on-rails
1086,dictionary linq,c#
1087,datetime net-mvc,asp
1088,net net-mvc security,asp
1089,ios unity,d
1090,c# wpf-controls,wpf
1091,inheritance pointers,c++
1092,android-layout listview,android
1093,c# net net- visual-studio-,asp
1094,api map,google
1095,g stored-procedures,oracle
1096,asp asp entity-framework,net-mvc
1097,c# iis net,asp
1098,css net-mvc-,asp
1099,vb winapi,net
1100,persistence spring,java
1101,asp asp entity-framework-,net-mvc-
1102,asp internet-explorer-,net
1103,triggers xaml,wpf
1104,triggers tsql,sql-server
1105,js net-mvc,asp
1106,ajax javascript jquery net,asp
1107,net net wpf,vb
1108,http js,node
1109,http-status-code- mod-rewrite,htaccess
1110,js windows,node
1111,asp asp unit-testing,net-mvc
1112,cocos d-iphone ipad,iphone
1113,database net sql-server-,asp
1114,datatable jsf-,primefaces
1115,boost stl,c++
1116,dictionary sorting,python
1117,c# html net-mvc,asp
1118,asp debugging visual-studio-,net
1119,asp net-membership net-mvc-,
1120,jquery-plugins jquery-selectors jquery-ui,jquery
1121,graph matplotlib,python
1122,c# entity-framework net-mvc,asp
1123,excel winforms,c#
1124,c# vb visual-studio-,net
1125,asp c# visual-studio-,net
1126,asp javascript jquery,net
1127,html javascript mysql,php
1128,data table,r
1129,devexpress net,asp
1130,c# iis net net,asp
1131,python webdriver,selenium
1132,asp jquery knockout,js
1133,entity-framework winforms,c#
1134,dictionary python-,python
1135,asp javascript javascript-events,net
1136,asp microsoft,net
1137,asp header,net
1138,fonts html,css
1139,cc logic,complexity-theory
1140,net web-applications,asp
1141,binding c# xaml,wpf
1142,forms-authentication net-mvc,asp
1143,mvc net net-mvc,asp c#
1144,variables vb,net
1145,database net-mvc-,asp
1146,ajax fancybox,jquery
1147,backbone js mvc,javascript
1148,flash-cs flash-cs,flash
1149,android-emulator android-layout,android
1150,exception vb,net
1151,asp c# mono,net
1152,jdbc oracle sql,java
1153,layout xaml,wpf
1154,asp popup,net
1155,css-selectors jquery,css
1156,asp asp authorization,net
1157,asp open-source,net
1158,asp parsing,net
1159,ado c# dataset,net
1160,google-analytics net,asp
1161,php tdd,unit-testing
1162,ajax jquery-ajax net,asp
1163,javascript jquery-selectors,jquery
1164,io vb,net
1165,asp orm,net
1166,backbone rest,js
1167,django-admin django-models,django
1168,google-maps google-maps-api- jquery,javascript
1169,net- xaml,wpf
1170,jquery net net-ajax,asp
1171,c# net-mvc net-mvc-,asp
1172,plsql stored-procedures,oracle
1173,asp webforms,net
1174,jquery net-mvc net-mvc-,asp
1175,full-text-search net,lucene
1176,azure net-mvc-,asp
1177,net reporting-services,asp
1178,express js,node
1179,iphone-sdk- iphone-sdk- objective-c,iphone
1180,database listview,android
1181,authentication c# net,asp
1182,java listview,android
1183,asp javascript validation,net
1184,lambda net-,c#
1185,asp c# drop-down-menu,net
1186,htaccess httpd,apache
1187,asp asp net-ajax,net
1188,django-models python,django
1189,ajax dom jquery,javascript
1190,jquery-ajax jquery-selectors,jquery
1191,linux python-,python
1192,ms-access net sql,vb
1193,js net,asp
1194,button view,android
1195,cocoa-touch core-graphics,iphone
1196,asp c# internet-explorer,net
1197,drop-down-menu mysql,php
1198,swing timer,java
1199,express javascript js,node
1200,controller ruby,ruby-on-rails
1201,asp proxy,net
1202,jqgrid net-mvc-,asp
1203,net- vb winforms,net
1204,-r c#,sql-server-
1205,azure js,node
1206,backbone ruby-on-rails-,js
1207,asp vbscript,net
1208,asp load,net
1209,asp c# performance,net
1210,callback delegates,c#
1211,net vb webforms,asp
1212,c++ cocos,d
1213,asp asp iis iis,net
1214,c# mvc net,asp
1215,asp c#- iis,net
1216,asp c# dynamic,net
1217,ajax c# javascript net,asp
1218,asp c# web,net
1219,css dom html,javascript
1220,styles xaml,wpf
1221,ado asp net-mvc,net
1222,j logging,log
1223,excel interop,c#
1224,vb visual-studio- winforms,net
1225,algorithm stl,c++
1226,function wordpress,php
1227,asp visual-studio- visual-studio-,net
1228,django-models django-templates python,django
1229,node windows,js
1230,function vb,net
1231,net table,asp
1232,net-mvc reflection,asp
1233,iframe net,asp
1234,asp visual-studio- web-applications,net
1235,iis net sql-server,asp
1236,boost templates,c++
1237,android-layout android-ndk,android
1238,debugging google-chrome,javascript
1239,asp asp wcf,net
1240,net-mvc- session,asp
1241,iterator vector,c++
1242,authorization net-mvc,asp
1243,html javascript jquery-plugins,jquery
1244,javascript net-mvc razor,asp
1245,properties vb,net
1246,net-mvc telerik,asp
1247,arraylist sorting,java
1248,asp asp gridview,net
1249,jquery-plugins net-mvc-,asp
1250,css html jquery-plugins,jquery
1251,ggplot plot,r
1252,firefox javascript-events,javascript
1253,jquery json mysql,php
1254,blackberry iphone,android
1255,jquery jquery-ui net-mvc,asp
1256,mvc ruby ruby-on-rails-,ruby-on-rails
1257,d d-iphone ios iphone,cocos
1258,jquery net net,asp
1259,javascript net validation,asp
1260,api vb,net
1261,asp sql vb,net
1262,cakephp- mysql,cakephp
1263,asp c# encryption,net
1264,objective-c uitableviewcell xcode,uitableview
1265,oracle oracle plsql,g
1266,android android-emulator android-widget,android-layout
1267,facebook-graph-api net,facebook
1268,iis rest,wcf
1269,dialog ios monotouch,c#
1270,c iphone,objective-c
1271,class flash,actionscript-
1272,background html,css
1273,datagrid mvvm,wpf
1274,query sql-server sql-server-,sql
1275,asp c# email,net
1276,html javascript net,asp
1277,combobox vb,net
1278,core-data iphone-sdk-,iphone
1279,spring wcf,net
1280,probability-distributions probability-theory,probability
1281,net-mvc- nhibernate,asp
1282,entity-framework linq net-mvc,asp
1283,drop-down-menu jquery net,asp
1284,delphi- delphi-xe,delphi
1285,c# net wpf-controls,wpf
1286,ejb ejb- java-ee,java
1287,ajax javascript-events,javascript
1288,c# html net net,asp
1289,ruby-on-rails- ruby-on-rails- rubygems,ruby-on-rails
1290,database delphi-,delphi
1291,styles templates,wpf
1292,asp c# usercontrols,net
1293,apache curl,php
1294,cocos ios iphone,d-iphone
1295,ajax net net,asp
1296,net-mvc net-mvc- net-mvc-,asp
1297,asp asp webforms,net
1298,enums vb,net
1299,node regex,js
1300,list python python-,x
1301,iis iis- net,asp
1302,cocos cocos d ios,d-iphone
1303,io net vb,system
1304,json net-mvc net-mvc-,asp
1305,js mongodb,node
1306,facebook js,node
1307,asp callback,net
1308,asp timer,net
1309,android-emulator android-ndk,android
1310,jquery net net-mvc-,asp
1311,node php,js
1312,graphics swing,java
1313,net net net-,asp
1314,asp asp c# visual-studio-,net
1315,jquery xml-parsing,xml
1316,jquery-ajax net-ajax,asp
1317,facebook node,js
1318,asp javascript-events,net
1319,asp c# oop,net
1320,asp jquery vb,net
1321,localization net-mvc-,asp
1322,arrays vb,net
1323,c# net net-web-api,asp
1324,cocos cocos objective-c,d d-iphone
1325,express mongodb node,js
1326,ado c# sql,net
1327,resources xaml,wpf
1328,javascript jquery-ajax jquery-plugins,jquery
1329,drawing winforms,c#
1330,linux swing,java
1331,asp sql-server- vb,net
1332,asp google-maps,net
1333,python- regex,python
1334,node ubuntu,js
1335,c# sql-server vb,net
1336,codeigniter mvc,php
1337,gui netbeans,java
1338,security vb,net
1339,data-binding datagridview,c#
1340,javascript net net-ajax,asp
1341,net net-mvc sql-server,asp
1342,jtable swing,java
1343,android-layout eclipse,android
1344,io system vb,net
1345,arrays forms,php
1346,animation view,android
1347,net net net-membership,asp
1348,net web,asp
1349,amazon-web-services js,node
1350,net nhibernate search,lucene
1351,codeigniter cookies,php
1352,d ios ipad,cocos
1353,drop-down-menu gridview,net
1354,gridview net,asp
1355,timer vb,net
1356,c# lucene lucene,net
1357,ajax html jquery-ajax,jquery
1358,asp rest wcf,net
1359,asp vb web-services,net
1360,authentication forms-authentication net,asp
1361,complexity-theory logic,cc
1362,lambda vb,net
1363,attributes vb,net
1364,forms winforms,c#
1365,http iis net,asp
1366,log log,net
1367,json vb,net
1368,c# jquery net-mvc,asp
1369,c# net url-rewriting,asp
1370,backbone json,js
1371,asp c# reflection,net
1372,d iphone xcode,cocos
1373,javascript node websocket,js
1374,asp ms-word,net
1375,c# controls net,asp
1376,boost multithreading,c++
1377,lambda x,c++
1378,ado c#,net
1379,graphics winforms,c#
1380,asp asp css,net
1381,internationalization ruby,ruby-on-rails
1382,asp authentication,net
1383,javascript jquery-plugins jquery-ui,jquery
1384,-r iis net windows-server-,asp
1385,asp c# collections,net
1386,java textview,android
1387,asp c# gridview,net
1388,asp c# javascript jquery,net
1389,asp c# net-ajax,net
1390,process vb,net
1391,ajax net vb,asp
1392,php query sql,mysql
1393,asp c# stored-procedures,net
1394,asp c# html javascript,net
1395,button facebook-like,facebook
1396,header net,asp
1397,asp net- net-mvc,net
1398,asp ssrs-,net
1399,js net-mvc-,asp knockout
1400,bind boost,c++
1401,iis- net-mvc-,asp
1402,asp character-encoding,net
1403,arrays session,php
1404,net-mvc templates,asp
1405,jquery-ui slider,jquery
1406,https net,asp
1407,asp css html,net
1408,download net,asp
1409,binding net-mvc,asp
1410,asp lambda,c#
1411,net net web-config,asp
1412,net net telerik,asp
1413,javascript unity,d
1414,asp c# listbox,net
1415,ms-access sql vb,net
1416,cocoa-touch cocos iphone,d
1417,io node websocket,js
1418,fluent-nhibernate net-mvc-,asp
1419,c++ wpf,c#
1420,crystal-reports vb,net
1421,cakephp- cakephp-,cakephp
1422,datagridview net net,vb
1423,json net net-mvc-,asp
1424,build xml,ant
1425,java richfaces,jsf
1426,oop vb,net
1427,html width,css
1428,g hibernate,oracle
1429,asp asp authentication,net
1430,matplotlib numpy,python
1431,g jdbc oracle,java
1432,asp javascript-events net,javascript
1433,c# sqlite system,data
1434,csv database,mysql
1435,vb vb visual-studio-,net
1436,asp c# data-binding,net
1437,jaxb wsdl,java
1438,database plsql sql,oracle
1439,asynchronous javascript node,js
1440,asp database sql-server-,net
1441,net redirect,asp
1442,css net net,asp
1443,vb xaml,net
1444,asp localization,net
1445,ajax javascript jquery-ajax,jquery
1446,jquery net-,asp
1447,android unity,d
1448,c# net web-applications,asp
1449,ios monotouch monotouch,dialog
1450,ef-code-first net-mvc,asp
1451,magento- php,magento
1452,html swing,java
1453,asp reporting-services,net
1454,form-validation net,asp
1455,database servlets,java
1456,gcc templates,c++
1457,net net usercontrols,asp
1458,hashmap map,java
1459,forms-authentication iis,net
1460,net-mvc url-rewriting,asp
1461,ajax c# net net,asp
1462,css-float div html,css
1463,cocos ios xcode,d
1464,codeigniter mysql,php
1465,cross-browser net,asp
1466,-r asp sql-server-,net
1467,js request,node
1468,c# net redirect,asp
1469,html jquery web,javascript
1470,android-emulator android-intent android-widget,android-layout
1471,asp c# mysql sql,net
1472,javascript javascript-events jquery-ajax,jquery
1473,asp datatable gridview,net
1474,-r group-policy,windows-server-
1475,asp asp asp net- net-,net
1476,ajax net net-mvc-,asp
1477,jquery-plugins jquery-selectors,jquery
1478,asp concurrency,net
1479,asp upload,net
1480,linq winforms,c#
1481,html javascript jquery-ajax,jquery
1482,eclipse sdk,android
1483,knockout mvvm,js
1484,net-mvc- rest,asp
1485,j jboss,log
1486,lucene lucene,net
1487,inheritance net oop,c#
1488,asp deployment,net
1489,usercontrols vb,net
1490,asp c# wcf,net
1491,ajax asp c#,net
1492,net-mvc view,asp
1493,-r security,windows-server-
1494,asynchronous net-mvc,asp
1495,d swing,java
1496,asp jquery webforms,net
1497,net net-mvc webforms,asp
1498,asp windows-server-,net
1499,linq string,c#
1500,asp iis sql-server,net
1501,asp javascript jquery-ui,jquery
1502,asp static,net
1503,asp com,net
1504,textbox vb,net
1505,button xml,android
1506,android-intent email,android
1507,ajax backbone,js
1508,generics net-,c#
1509,jquery jquery-plugins net,asp
1510,c# charts net,asp
1511,android-listview sqlite,android
1512,net-mvc performance,asp
1513,datagrid silverlight-,silverlight
1514,ajax javascript net-ajax,asp
1515,database g sql,oracle
1516,entity-framework- net net-mvc-,asp
1517,asp asp vb,net
1518,mysql tsql,sql
1519,php wordpress-plugin,wordpress
1520,net net silverlight,asp
1521,jquery net web-services,asp
1522,activerecord database,ruby-on-rails
1523,jquery-plugins php,jquery
1524,asp caching iis,net
1525,net video,c#
1526,bitmap imageview,android
1527,asp wcf web-services,net
1528,entity-framework linq net-mvc-,asp
1529,bit vb,net
1530,c# usercontrols xaml,wpf
1531,ssl virtualhost,apache
1532,gui swt,java
1533,iis net net,asp
1534,mysql user,php
1535,backbone javascript node,js
1536,annotations spring spring-mvc,java
1537,asp asp javascript jquery,net
1538,ado c# entity-framework,net
1539,asp asp facebook,net
1540,cocos d ipad,iphone
1541,asp knockout net-mvc,js
1542,asp js net-mvc-,knockout
1543,c# group-by,linq
1544,asp net- web-config,net
1545,callback javascript node,js
1546,hibernate java-ee spring,java
1547,ado visual-studio-,net
1548,asp permissions,net
1549,cc graph-theory,complexity-theory
1550,authentication devise,ruby-on-rails
1551,sql-server sql-server- vb,net
1552,div net,asp
1553,asp sql-server vb,net
1554,plsql triggers,oracle
1555,scrolling uiscrollview,iphone
1556,caching net net,asp
1557,asp gridview javascript,net
1558,debugging jquery,javascript
1559,reporting-services vb,net
1560,asp azure c#,net
1561,jquery jquery-ajax net,asp
1562,asp variables,net
1563,css-float internet-explorer-,css
1564,listview vb,net
1565,asp log,net
1566,htaccess mysql,php
1567,ajax jquery mysql,php
1568,c# net website,asp
1569,asp c# php,net
1570,asp paypal,net
1571,class vb,net
1572,net-mvc regex,asp
1573,jquery net webforms,asp
1574,html mysql,php
1575,backbone events javascript,js
1576,database sqlalchemy,python
1577,loops mysql,php
1578,vb windows,net
1579,node session,js
1580,asp facebook,net
1581,cookies mysql,php
1582,sql tsql xml,sql-server
1583,asp c# sql-server,net
1584,-r asp net windows-server-,iis
1585,asp c# validation,net
1586,checkbox net,asp
1587,net openid,asp
1588,silverlight- silverlight-,silverlight
1589,c# webdriver,selenium
1590,attributes reflection,c#
1591,asp user-interface,net
1592,asp javascript vb,net
1593,join query select,sql
1594,cocos cocos d-iphone ios,d
1595,caching net net-mvc,asp
1596,express io js,node
1597,asp html javascript jquery,net
1598,php resize,image
1599,asp deployment iis,net
1600,j x,jboss
1601,django-admin python,django
1602,asp asp sql-server-,net
1603,net-mvc- sql-server-,asp
1604,gcc stl,c++
1605,asp javascript telerik,net
1606,asp web,net
1607,listbox vb,net
1608,c# net- net-mvc,asp
1609,c# facebook-graph-api net,facebook
1610,net xna,c#
1611,js post,node
1612,net-web-api rest,asp
1613,gps location,android
1614,javascript net visual-studio,asp
1615,asp cross-browser,net
1616,jquery net-mvc- razor,asp
1617,gridview net visual-studio-,asp
1618,jquery-validate net,asp
1619,button listview,android
1620,c# entity-framework net-mvc-,asp
1621,icons swing,java
1622,asp c# system,net
1623,button winforms,c#
1624,asp asp net-membership,net
1625,asp c# iis iis,net
1626,vb vba,net
1627,c# net session,asp
1628,net-mvc net-mvc- validation,asp
1629,net-mvc net-mvc- razor,asp
1630,html javascript node,js
1631,asp drop-down-menu,net
1632,asp c# file,net
1633,xsd xsd,exe
1634,asp c# controls,net
1635,forms net-mvc-,asp
1636,linq net net-mvc-,asp
1637,complexity-theory graph-theory,cc
1638,cocos cocos iphone objective-c,d
1639,net net xml,asp
1640,gridview net sorting,asp
1641,asp c# event-handling,net
1642,asp c# testing,net
1643,django-forms python,django
1644,-r dns,windows-server-
1645,maven- maven-,maven
1646,c# mysql net sql,asp
1647,facebook facebook-graph-api objective-c,ios
1648,stl vector,c++
1649,ajax javascript jquery-ui,jquery
1650,jquery net-mvc- validation,asp
1651,asp forms-authentication,net
1652,io js websocket,node
1653,css web-applications,html
1654,ios ios iphone-sdk-,iphone
1655,asp sql-server sql-server-,net
1656,asp c# control,net
1657,ajax asp razor,net-mvc-
1658,activerecord ruby sql,ruby-on-rails
1659,content-management-system mysql,php
1660,net net- web-config,asp
1661,drupal- mysql,drupal
1662,ajax net net-ajax,asp
1663,c# iis iis net,asp
1664,asp razor,net-mvc-
1665,jquery-mobile net-mvc,asp
1666,c# net post,asp
1667,javascript node,js
1668,asp query sql,net
1669,mysql net-mvc,asp
1670,asp checkbox,net
1671,authentication vb,net
1672,dom java,xml
1673,asp file-io,net
1674,jquery jquery-ui net,asp
1675,activity service,android
1676,node sockets,js
1677,asp radio-button,net
1678,asp c# image,net
1679,django multithreading,python
1680,c# mvc net net-mvc,asp
1681,build iphone,xcode
1682,exchange net,c#
1683,asp asp c# c#-,net
1684,asp html vb,net
1685,camera java,android
1686,fonts swing,java
1687,asp c# windows,net
1688,datatable vb,net
1689,ajax net web-services,asp
1690,javascript-events jquery-ui,jquery
1691,animation xaml,wpf
1692,c# net net- net-,asp
1693,iis net net-,asp
1694,controller net,asp
1695,ios windows-phone-,android
1696,asp c# parameters,net
1697,backbone coffeescript javascript,js
1698,js knockout net,asp
1699,c# data-binding mvvm,wpf
1700,checkbox vb,net
1701,authentication authorization net,asp
1702,asp delegates,net
1703,cocoa-touch nsmutablearray,objective-c
1704,net net- web-services,asp
1705,database ms-access vb,net
1706,css jquery-selectors,jquery
1707,g plsql sql,oracle
1708,c# fluent-nhibernate net,nhibernate
1709,asp resources,net
1710,java webview,android
1711,javascript jquery knockout,js
1712,asp iis url-rewriting,net
1713,cookies net,asp
1714,html net-mvc net-mvc-,asp
1715,design-patterns net-mvc-,asp
1716,forms net-mvc,asp
1717,java jboss jboss,x
1718,http-headers net,asp
1719,net-mvc net-mvc- routing,asp
1720,asp asp asp c#,net
1721,facebook-graph-api html,facebook
1722,c# html javascript net,asp
1723,delegates lambda,c#
1724,applet javascript,java
1725,cocos cocos ios iphone,d
1726,node ruby,js
1727,amazon-web-services node,js
1728,j twitter-api,twitter
1729,python python- tkinter,x
1730,js nginx,node
1731,asp javascript web-services,net
1732,facebook-graph-api facebook-like,facebook
1733,c# vb vb,net
1734,cocos iphone,d
1735,list x,python python-
1736,c# linq-to-sql net-mvc,asp
1737,asp compiler-errors,net
1738,windows- windows-runtime xaml,c#
1739,apache php redirect,htaccess
1740,asp net net net-mvc-,
1741,amazon-ec js,node
1742,c#- net-mvc- razor,asp
1743,mysql session,php
1744,node post,js
1745,asp asp c#,net
1746,tomcat web,xml
1747,iis net-mvc net-mvc-,asp
1748,android-layout user-interface,android
1749,asynchronous node,js
1750,asp python,net
1751,button jquery-ui,jquery
1752,routing ruby ruby-on-rails-,ruby-on-rails
1753,django-templates jquery,django
1754,json net web-services,asp
1755,asp jquery web-services,net
1756,insert oracle,sql
1757,join php query,mysql
1758,net-mvc usercontrols,asp
1759,data frame,r
1760,storyboard xcode,ios
1761,gzip net,asp
1762,net url-rewriting,asp
1763,events swing,java
1764,html onclick,javascript
1765,html jquery net-mvc-,asp
1766,sql sql-server- vb,net
1767,asp c# linq linq-to-sql,net
1768,jboss log,j
1769,net onclick,asp
1770,model net-mvc-,asp
1771,mysql node,js
1772,axis web-services wsdl,java
1773,net- vb visual-studio-,net
1774,asp iframe,net
1775,net-mvc- regex,asp
1776,javascript net-mvc net-mvc-,asp
1777,delphi- delphi-,delphi
1778,c# facebook net,asp
1779,tcp vb,net
1780,asp sharepoint sharepoint,net
1781,custom-controls net,asp
1782,net timeout,asp
1783,javascript jquery-ajax jquery-ui,jquery
1784,c#- net net-,asp
1785,ajax usercontrols,net
1786,asp css javascript,net
1787,asp c# http,net
1788,database jdbc,java
1789,asp c# design,net
1790,actionscript javascript,flash
1791,net-mvc session,asp
1792,asp asp c# razor,net-mvc
1793,android-emulator android-widget,android-layout
1794,net net wcf,asp
1795,io javascript,node
1796,asp c# devexpress,net
1797,c# net-mvc- visual-studio-,asp
1798,asp c# visual-studio visual-studio-,net
1799,python- x,python
1800,forms vb,net
1801,controls net net,asp
1802,asp c# textbox,net
1803,oracle vb,net
1804,html javascript net-mvc,asp
1805,asp c# jquery-ui,net
1806,net net-mvc- razor,asp net-mvc
1807,ef-code-first net net-mvc-,asp
1808,javascript jquery net-mvc,asp
1809,internet-explorer net-mvc,asp
1810,ajax json net-mvc-,asp
1811,boost iterator,c++
1812,asp msbuild,net
1813,asp c# website,net
1814,asp c# nhibernate,net
1815,azure net-mvc net-mvc-,asp
1816,asp asp web-services,net
1817,net- vb vb,net
1818,activerecord php,codeigniter
1819,asp c# net- net-,net
1820,asp c# xml,net
1821,asp data,net
1822,javascript jquery-ui,jquery
1823,asp curl,php
1824,iis- net,asp
1825,http node,js
1826,django-templates html,django
1827,-r asp iis windows-server-,net
1828,c# html net-mvc-,asp
1829,django-forms django-models python,django
1830,xml-parsing xslt,xml
1831,asp asp regex,net
1832,serialization xml xml-serialization,c#
1833,cocoa-touch d-iphone,cocos
1834,asp timeout,net
1835,asp dll,net
1836,list python x,python-
1837,file-upload net,asp
1838,amazon-s heroku,ruby-on-rails
1839,asp internationalization,net
1840,asp c# post,net
1841,dependency-injection net-mvc,asp
1842,mvc net net-mvc-,asp
1843,cocoa ipad,iphone
1844,hover html,css
1845,asp asp c# jquery,net
1846,asp asp net-mvc vb,net
1847,c#- net net,asp
1848,database-design net,asp
1849,css css-float div,html
1850,mysql mysqli,php
1851,arrays swing,java
1852,resize swing,java
1853,c# caching net,asp
1854,generics net-mvc,asp
1855,dynamic net-mvc,asp
1856,domain-driven-design net-mvc,asp
1857,android-emulator java,android
1858,html javascript jquery-ui,jquery
1859,error-handling net-mvc,asp
1860,log spring,j
1861,asp g oracle,net
1862,iis net security,asp
1863,arraylist list,java
1864,drupal- views,drupal
1865,asp c# cookies,net
1866,caching iis net,asp
1867,net webserver,asp
1868,linq-to-sql net net-mvc,asp
1869,gwt servlets,java
1870,multithreading service,android
1871,-r sql-server tsql,sql-server-
1872,c# net net-ajax,asp
1873,extjs net,asp
1874,cocos cocos d,d-iphone
1875,asp svn,net
1876,apache codeigniter,php
1877,authentication net net-membership,asp
1878,multithreading servlets,java
1879,c# datagrid xaml,wpf
1880,django-models django-templates,django
1881,activerecord model,ruby-on-rails
1882,asp sql-server visual-studio-,net
1883,asp c# mysql,net
1884,asp authentication authorization,net
1885,asp views,net-mvc
1886,android-listview listview,android
1887,net net- sql-server,asp
1888,linq-to-entities net-mvc-,asp
1889,net-mvc redirect,asp
1890,asp flash,net
1891,asp c# security,net
1892,ajax jquery-plugins,jquery
1893,focus winforms,c#
1894,asp facebook facebook-graph-api,net
1895,net-mvc- post,asp
1896,net-mvc url,asp
1897,jquery jquery-validate net-mvc,asp
1898,c# ef-code-first net-mvc-,asp
1899,pointers vector,c++
1900,asp asp html,net-mvc
1901,registry vb,net
1902,-r vpn,windows-server-
1903,node python,js
1904,python twitter-api,twitter
1905,forms session,php
1906,css html mysql,php
1907,curl facebook,php
1908,caching ruby,ruby-on-rails
1909,android-intent android-listview,android
1910,net visual-studio- web-applications,asp
1911,asp javascript visual-studio,net
1912,asp themes,net
1913,mvc swing,java
1914,group-by oracle,sql
1915,arrays methods,java
1916,datagridview vb winforms,net
1917,htaccess linux,apache
1918,cookies forms-authentication net,asp
1919,java log,j
1920,exception-handling net-mvc,asp
1921,asp c# smtp,net
1922,tkinter x,python-
1923,asp javascript visual-studio-,net
1924,asp c# forms,net
1925,android-layout android-listview,android
1926,asp onclick,net
1927,ajax table,jquery
1928,asp authentication c#,net
1929,javascript xml-parsing,xml
1930,-r active-directory,windows-server-
1931,c# net webforms,asp
1932,linux net,mono
1933,java webdriver,selenium
1934,fluent-nhibernate net-mvc,asp
1935,net-mvc net-mvc-,asp
1936,asp gridview sorting,net
1937,gui tkinter,python
1938,java phonegap,android
1939,asp c# css,net
1940,entity-framework entity-framework- net-mvc net-mvc-,asp
1941,asp c# session,net
1942,div html layout,css
1943,python- python- x,python
1944,c# jquery net,asp
1945,asp c# silverlight,net
1946,mvc mysql,php
1947,d javascript svg,js
1948,mysql servlets,java
1949,asp memory,net
1950,twitter twitter,j
1951,c# javascript net-mvc-,asp
1952,asp c# crystal-reports,net
1953,g sql,oracle
1954,join oracle,sql
1955,eclipse swing,java
1956,css-float html,css
1957,js knockout net-mvc,asp
1958,jqgrid jquery net-mvc,asp
1959,asp c# string,net
1960,pdo sqlite,php
1961,css header,html
1962,asp session,net
1963,string vector,c++
1964,io node,js
1965,android-fragments java,android
1966,cocoa-touch uikit,iphone
1967,c# net-mvc- razor,asp
1968,cocoa-touch core-data ios,objective-c
1969,caching net-mvc-,asp
1970,asp c# net-membership,net
1971,multithreading vb,net
1972,html net net-mvc,asp
1973,mvc net-mvc net-mvc-,asp
1974,asp timezone,net
1975,android-layout android-widget,android
1976,net net-mvc wcf,asp
1977,asp iis-,net
1978,couchdb js,node
1979,asp vb xml,net
1980,backbone templates,js
1981,image net-mvc,asp
1982,codeigniter email,php
1983,codeigniter query,mysql
1984,net-mvc rest,asp
1985,express javascript node,js
1986,asp asp rest,net
1987,cc reference-request,complexity-theory
1988,j tomcat,log
1989,listbox xaml,wpf
1990,multidimensional-array mysql,php
1991,asp asp mvc,net-mvc-
1992,d ios xcode,cocos
1993,dynamic vb,net
1994,-r sql sql-server,sql-server-
1995,mod-rewrite php url-rewriting,htaccess
1996,c++ node,js
1997,div width,css
1998,c++ vb,net
1999,asp table,net
2000,associations model,ruby-on-rails
2001,algorithms complexity-theory,cc
2002,asp gridview sql,net
2003,css javascript jquery net,asp
2004,arrays numpy,python
2005,collections js,backbone
2006,asp c# sorting,net
2007,deployment ruby,ruby-on-rails
2008,c# net reporting-services,asp
2009,c#- vb,net
2010,html position,css
2011,asp frameworks,net
2012,actionscript- actionscript-,flash
2013,asp routes,net-mvc
2014,d-iphone iphone-sdk-,cocos
2015,asp c# webforms,net
2016,asp xpath,net
2017,localhost net,asp
2018,c# vb web-services,net
2019,ajax javascript jquery mysql,php
2020,vb windows-server-,net
2021,silverlight vb,net
2022,asp asp usercontrols,net
2023,plsql sql,oracle
2024,java-ee struts,java
2025,asp button c#,net
2026,activity android-asynctask,android
2027,command-line mac,osx
2028,asynchronous net-mvc-,asp
2029,c# forms-authentication net,asp
2030,mysql vb,net
2031,net-mvc- view,asp
2032,asp c# iis-,net
2033,facebook facebook-graph-api net,asp
2034,stl visual-c++,c++
2035,string vb,net
2036,js redis,node
2037,drop-down-menu net net,asp
2038,iphone objective-c storyboard,ios
2039,jquery oop,javascript
2040,iis iis net,asp
2041,c# net xaml,wpf
2042,asp asp security,net
2043,concurrency synchronization,java
2044,net- system,c#
2045,net-mvc- security,asp
2046,asp iis php,net
2047,foreach linq,c#
2048,asp google,net
2049,c# net-mvc net-web-api,asp
2050,api maps,google
2051,net-mvc- net-mvc- razor,asp
2052,import module,python
2053,php stored-procedures,mysql
2054,android-intent android-layout,android
2055,asp c# database,net
2056,html net net,asp
2057,django pdf,python
2058,drop-down-menu vb,net
2059,php wsdl,soap
2060,vb windows-services,net
2061,asp iis iis-,net
2062,r table,data
2063,asp javascript knockout,js
2064,asp c# events,net
2065,js js templates,javascript
2066,mysql pdo,php
2067,firefox html internet-explorer,css
2068,asp c#- javascript,net
2069,javascript net net-mvc,asp
2070,c# checkbox net,asp
2071,mocking rspec,ruby
2072,ajax load,jquery
2073,backbone javascript mvc,js
2074,mysql pdo sql,php
2075,c# spring,net
2076,bind javascript,jquery
2077,php vb,net
2078,ajax c# net-mvc-,asp
2079,js linux,node
2080,net net-mvc- net-web-api,asp
2081,shell variables,bash
2082,iis net performance,asp
2083,arrays wordpress,php
2084,c# vb winforms,net
2085,asp webserver,net
2086,asp menu,net
2087,net- reflection,c#
2088,insert vb,net
2089,asp path,net
2090,asp net-mvc- vb,net
2091,net-mvc- wcf,asp
2092,javascript net net,asp
2093,android-intent service,android
2094,dataset datatable,net
2095,delegates events,c#
2096,ajax javascript mysql,php
2097,performance vb,net
2098,html jquery-selectors,jquery
2099,jquery mvc net-mvc,asp
2100,canvas php,html
2101,internet-explorer- net,asp
2102,java sql sqlite,android
2103,asynchronous javascript js,node
2104,c# json json,net
2105,asp optimization,net
2106,events vb,net
2107,asp c# checkbox,net
2108,ado asp c#,net
2109,asp net-membership,net
2110,cursor java,android
2111,gridview jquery net,asp
2112,httpwebrequest vb,net
2113,cocos iphone-sdk-,iphone
2114,java-ee x,jboss
2115,c# design-patterns net-mvc,asp
2116,configuration log,j
2117,asp image-processing,net
2118,button vb,net
2119,net net-mvc net-mvc- net-mvc-,asp
2120,asp c# datatable,net
2121,c# mvc net-mvc net-mvc-,asp
2122,net net-mvc net-web-api,asp
2123,entity-framework mvc net-mvc,asp
2124,gmail net,asp
2125,net-mvc- url,asp
2126,c++ js,node
2127,django-admin django-forms,django
2128,net net-mvc unit-testing,asp
